"DESCRIPTION","DURATION IN MS","NAME","PARENT SUITE","START TIME","STATUS","STOP TIME","SUB SUITE","SUITE","TEST CLASS","TEST METHOD"
"","363","testUpdateCollectionPoint","rieaya Suite","Sun Aug 24 10:23:16 EEST 2025","passed","Sun Aug 24 10:23:16 EEST 2025","CollectionsPointTest","test","CollectionsPointTest","testUpdateCollectionPoint"
"","858","testToggleActivation","rieaya Suite","Sun Aug 24 10:24:28 EEST 2025","passed","Sun Aug 24 10:24:29 EEST 2025","TestService","test","TestService","testToggleActivation"
"","763","testCreatingCity","rieaya Suite","Sun Aug 24 10:23:26 EEST 2025","passed","Sun Aug 24 10:23:27 EEST 2025","LaundryCities","test","LaundryCities","testCreatingCity"
"","305","testGetAllOrderServicesWithDeliveryStatus","rieaya Suite","Sun Aug 24 10:24:37 EEST 2025","passed","Sun Aug 24 10:24:37 EEST 2025","QueryTestOfOrders","test","QueryTestOfOrders","testGetAllOrderServicesWithDeliveryStatus"
"","511","testDeletePrivilege","rieaya Suite","Sun Aug 24 10:24:22 EEST 2025","passed","Sun Aug 24 10:24:23 EEST 2025","Priviledge","test","Priviledge","testDeletePrivilege"
"","265","testGetSpecificCity","rieaya Suite","Sun Aug 24 10:23:27 EEST 2025","passed","Sun Aug 24 10:23:28 EEST 2025","LaundryCities","test","LaundryCities","testGetSpecificCity"
"","342","testGetAllOrderServicesWithOrderStatus","rieaya Suite","Sun Aug 24 10:24:39 EEST 2025","passed","Sun Aug 24 10:24:40 EEST 2025","QueryTestOfOrders","test","QueryTestOfOrders","testGetAllOrderServicesWithOrderStatus"
"","609","testGetSpecificRule","rieaya Suite","Sun Aug 24 10:24:04 EEST 2025","failed","Sun Aug 24 10:24:05 EEST 2025","OrderRules","test","OrderRules","testGetSpecificRule"
"","335","testChangeActivationRequest","rieaya Suite","Sun Aug 24 10:23:04 EEST 2025","passed","Sun Aug 24 10:23:04 EEST 2025","DiscountAddingRequests","test","DiscountAddingRequests","testChangeActivationRequest"
"","326","testChangeActivation","rieaya Suite","Sun Aug 24 10:23:06 EEST 2025","passed","Sun Aug 24 10:23:07 EEST 2025","DiscountOrAdditions","test","DiscountOrAdditions","testChangeActivation"
"","289","testToggleBranchActivation","rieaya Suite","Sun Aug 24 10:23:01 EEST 2025","passed","Sun Aug 24 10:23:02 EEST 2025","NewBranch","test","NewBranch","testToggleBranchActivation"
"","452","testCreateDiscount","rieaya Suite","Sun Aug 24 10:23:05 EEST 2025","passed","Sun Aug 24 10:23:05 EEST 2025","DiscountOrAdditions","test","DiscountOrAdditions","testCreateDiscount"
"","377","testGetSpecificAttachment","rieaya Suite","Sun Aug 24 10:23:22 EEST 2025","passed","Sun Aug 24 10:23:22 EEST 2025","GallaryAttachment","test","GallaryAttachment","testGetSpecificAttachment"
"","333","testGetSpecificService","rieaya Suite","Sun Aug 24 10:24:28 EEST 2025","passed","Sun Aug 24 10:24:28 EEST 2025","TestService","test","TestService","testGetSpecificService"
"","429","testGetDiscountsByOrderBy2","rieaya Suite","Sun Aug 24 10:23:12 EEST 2025","passed","Sun Aug 24 10:23:13 EEST 2025","DiscountOrAdditions","test","DiscountOrAdditions","testGetDiscountsByOrderBy2"
"","502","testCreateCollectionPoint","rieaya Suite","Sun Aug 24 10:23:14 EEST 2025","passed","Sun Aug 24 10:23:15 EEST 2025","CollectionsPointTest","test","CollectionsPointTest","testCreateCollectionPoint"
"","305","testGetAdminStaffPermission","rieaya Suite","Sun Aug 24 10:22:58 EEST 2025","failed","Sun Aug 24 10:22:58 EEST 2025","AssignPermissions","test","AssignPermissions","testGetAdminStaffPermission"
"","840","testGetPackageRanks","rieaya Suite","Sun Aug 24 10:24:18 EEST 2025","passed","Sun Aug 24 10:24:19 EEST 2025","NewPackageTest","test","NewPackageTest","testGetPackageRanks"
"","304","testDeleteBranch","rieaya Suite","Sun Aug 24 10:23:02 EEST 2025","passed","Sun Aug 24 10:23:02 EEST 2025","NewBranch","test","NewBranch","testDeleteBranch"
"","599","testDeleteAttachment","rieaya Suite","Sun Aug 24 10:23:22 EEST 2025","passed","Sun Aug 24 10:23:23 EEST 2025","GallaryAttachment","test","GallaryAttachment","testDeleteAttachment"
"","537","testGetDiscountsByOrderBy2","rieaya Suite","Sun Aug 24 10:23:13 EEST 2025","passed","Sun Aug 24 10:23:14 EEST 2025","DiscountOrAdditions","test","DiscountOrAdditions","testGetDiscountsByOrderBy2"
"","363","testGetSpecificInvoice","rieaya Suite","Sun Aug 24 10:23:23 EEST 2025","failed","Sun Aug 24 10:23:24 EEST 2025","Invoices","test","Invoices","testGetSpecificInvoice"
"","347","testGetAllDiscounts","rieaya Suite","Sun Aug 24 10:23:05 EEST 2025","passed","Sun Aug 24 10:23:06 EEST 2025","DiscountOrAdditions","test","DiscountOrAdditions","testGetAllDiscounts"
"","319","testGetOrderStatuses","rieaya Suite","Sun Aug 24 10:24:10 EEST 2025","passed","Sun Aug 24 10:24:10 EEST 2025","NewOrderService","test","NewOrderService","testGetOrderStatuses"
"","750","testGetAllServices","rieaya Suite","Sun Aug 24 10:24:27 EEST 2025","passed","Sun Aug 24 10:24:28 EEST 2025","TestService","test","TestService","testGetAllServices"
"","567","testGetAllOrderServicesWithAssignmentStatus","rieaya Suite","Sun Aug 24 10:24:41 EEST 2025","passed","Sun Aug 24 10:24:42 EEST 2025","QueryTestOfOrders","test","QueryTestOfOrders","testGetAllOrderServicesWithAssignmentStatus"
"","719","testCreateOrderServiceByLaundryStaff","rieaya Suite","Sun Aug 24 10:24:08 EEST 2025","passed","Sun Aug 24 10:24:09 EEST 2025","NewOrderService","test","NewOrderService","testCreateOrderServiceByLaundryStaff"
"","603","testAddingCollectionPoints","rieaya Suite","Sun Aug 24 10:22:52 EEST 2025","passed","Sun Aug 24 10:22:53 EEST 2025","AddingTests","test","AddingTests","testAddingCollectionPoints"
"","459","testGetDiscountsByOrderBy2","rieaya Suite","Sun Aug 24 10:23:12 EEST 2025","passed","Sun Aug 24 10:23:12 EEST 2025","DiscountOrAdditions","test","DiscountOrAdditions","testGetDiscountsByOrderBy2"
"","311","Get All States","rieaya Suite","Sun Aug 24 10:24:26 EEST 2025","passed","Sun Aug 24 10:24:26 EEST 2025","StatesTests","test","StatesTests","testGetAllStates"
"","320","testGetAllOrderServicesWithOrderStatus","rieaya Suite","Sun Aug 24 10:24:41 EEST 2025","passed","Sun Aug 24 10:24:41 EEST 2025","QueryTestOfOrders","test","QueryTestOfOrders","testGetAllOrderServicesWithOrderStatus"
"","267","testToggleRule","rieaya Suite","Sun Aug 24 10:24:22 EEST 2025","passed","Sun Aug 24 10:24:22 EEST 2025","Priviledge","test","Priviledge","testToggleRule"
"","389","testGetAllOrderServicesWithDeliveryStatus","rieaya Suite","Sun Aug 24 10:24:37 EEST 2025","passed","Sun Aug 24 10:24:37 EEST 2025","QueryTestOfOrders","test","QueryTestOfOrders","testGetAllOrderServicesWithDeliveryStatus"
"","379","testAssignPermissionToRole","rieaya Suite","Sun Aug 24 10:22:58 EEST 2025","passed","Sun Aug 24 10:22:59 EEST 2025","AssignPermissions","test","AssignPermissions","testAssignPermissionToRole"
"","948","testUploadLogo","rieaya Suite","Sun Aug 24 10:24:29 EEST 2025","failed","Sun Aug 24 10:24:30 EEST 2025","UploadImage","test","UploadImage","testUploadLogo"
"","339","testGetSpecificWorkingHoursCase","rieaya Suite","Sun Aug 24 10:24:32 EEST 2025","passed","Sun Aug 24 10:24:32 EEST 2025","WorkingHours","test","WorkingHours","testGetSpecificWorkingHoursCase"
"","350","testDeleteEmployee","rieaya Suite","Sun Aug 24 10:23:19 EEST 2025","passed","Sun Aug 24 10:23:19 EEST 2025","EmployeeTests","test","EmployeeTests","testDeleteEmployee"
"","770","testGetAllOrderServicesWithRankId","rieaya Suite","Sun Aug 24 10:24:33 EEST 2025","passed","Sun Aug 24 10:24:33 EEST 2025","QueryTestOfOrders","test","QueryTestOfOrders","testGetAllOrderServicesWithRankId"
"","319","testGetDiscountsByOrderBy","rieaya Suite","Sun Aug 24 10:23:09 EEST 2025","passed","Sun Aug 24 10:23:10 EEST 2025","DiscountOrAdditions","test","DiscountOrAdditions","testGetDiscountsByOrderBy"
"","355","testUpdatePackage","rieaya Suite","Sun Aug 24 10:24:17 EEST 2025","passed","Sun Aug 24 10:24:18 EEST 2025","NewPackageTest","test","NewPackageTest","testUpdatePackage"
"","320","testGetDiscountsByOrderBy","rieaya Suite","Sun Aug 24 10:23:10 EEST 2025","passed","Sun Aug 24 10:23:10 EEST 2025","DiscountOrAdditions","test","DiscountOrAdditions","testGetDiscountsByOrderBy"
"","312","testGetAllEditingRequests2","rieaya Suite","Sun Aug 24 10:22:55 EEST 2025","passed","Sun Aug 24 10:22:55 EEST 2025","AddingTests","test","AddingTests","testGetAllEditingRequests2"
"","349","testGetDiscountsByOrderBy","rieaya Suite","Sun Aug 24 10:23:08 EEST 2025","passed","Sun Aug 24 10:23:09 EEST 2025","DiscountOrAdditions","test","DiscountOrAdditions","testGetDiscountsByOrderBy"
"","451","testGetAllPackages","rieaya Suite","Sun Aug 24 10:24:16 EEST 2025","passed","Sun Aug 24 10:24:17 EEST 2025","NewPackageTest","test","NewPackageTest","testGetAllPackages"
"","1381","GetSpecificLaundry","rieaya Suite","Sun Aug 24 10:23:31 EEST 2025","passed","Sun Aug 24 10:23:32 EEST 2025","LaundryTests","test","LaundryTests","testGetSpecificLaundry"
"","319","testDeleteService","rieaya Suite","Sun Aug 24 10:24:29 EEST 2025","passed","Sun Aug 24 10:24:29 EEST 2025","TestService","test","TestService","testDeleteService"
"","427","testRemoveUserPermission","rieaya Suite","Sun Aug 24 10:22:58 EEST 2025","failed","Sun Aug 24 10:22:58 EEST 2025","AssignPermissions","test","AssignPermissions","testRemoveUserPermission"
"","475","testCreateOrderRule","rieaya Suite","Sun Aug 24 10:24:03 EEST 2025","passed","Sun Aug 24 10:24:04 EEST 2025","OrderRules","test","OrderRules","testCreateOrderRule"
"","281","testUpdateBranchStatus","rieaya Suite","Sun Aug 24 10:23:02 EEST 2025","passed","Sun Aug 24 10:23:02 EEST 2025","NewBranch","test","NewBranch","testUpdateBranchStatus"
"","720","testDeleteOrderRule","rieaya Suite","Sun Aug 24 10:24:06 EEST 2025","passed","Sun Aug 24 10:24:07 EEST 2025","OrderRules","test","OrderRules","testDeleteOrderRule"
"","590","createCatogry","rieaya Suite","Sun Aug 24 09:26:31 EEST 2025","passed","Sun Aug 24 09:26:32 EEST 2025","ServiceCategoryTests","test","ServiceCategoryTests","createCatogry"
"","264","testGetPaymentStatus","rieaya Suite","Sun Aug 24 10:24:14 EEST 2025","passed","Sun Aug 24 10:24:14 EEST 2025","NewOrderService","test","NewOrderService","testGetPaymentStatus"
"","346","testGetAllOrderServicesWithOrderStatus","rieaya Suite","Sun Aug 24 10:24:40 EEST 2025","passed","Sun Aug 24 10:24:40 EEST 2025","QueryTestOfOrders","test","QueryTestOfOrders","testGetAllOrderServicesWithOrderStatus"
"","677","testGetAllOrderServicesWithOrderStatus","rieaya Suite","Sun Aug 24 10:24:38 EEST 2025","passed","Sun Aug 24 10:24:39 EEST 2025","QueryTestOfOrders","test","QueryTestOfOrders","testGetAllOrderServicesWithOrderStatus"
"","315","testCreateService","rieaya Suite","Sun Aug 24 10:24:26 EEST 2025","passed","Sun Aug 24 10:24:27 EEST 2025","TestService","test","TestService","testCreateService"
"","418","testGetDriversWithStatus","rieaya Suite","Sun Aug 24 10:24:15 EEST 2025","passed","Sun Aug 24 10:24:16 EEST 2025","NewOrderService","test","NewOrderService","testGetDriversWithStatus"
"","1220","testCreateLaundry","rieaya Suite","Sun Aug 24 10:23:29 EEST 2025","failed","Sun Aug 24 10:23:30 EEST 2025","LaundryTests","test","LaundryTests","testCreateLaundry"
"","970","testGetAllOrderServicesWithDeliveryStatus","rieaya Suite","Sun Aug 24 10:24:35 EEST 2025","passed","Sun Aug 24 10:24:36 EEST 2025","QueryTestOfOrders","test","QueryTestOfOrders","testGetAllOrderServicesWithDeliveryStatus"
"","799","testGetAllOrderServices","rieaya Suite","Sun Aug 24 10:24:09 EEST 2025","passed","Sun Aug 24 10:24:09 EEST 2025","NewOrderService","test","NewOrderService","testGetAllOrderServices"
"","347","testGetAllOrderServicesWithDeliveryStatus","rieaya Suite","Sun Aug 24 10:24:36 EEST 2025","passed","Sun Aug 24 10:24:36 EEST 2025","QueryTestOfOrders","test","QueryTestOfOrders","testGetAllOrderServicesWithDeliveryStatus"
"","291","testGetBranchStatus","rieaya Suite","Sun Aug 24 10:23:02 EEST 2025","passed","Sun Aug 24 10:23:03 EEST 2025","NewBranch","test","NewBranch","testGetBranchStatus"
"","1012","testExportOrders","rieaya Suite","Sun Aug 24 10:24:12 EEST 2025","broken","Sun Aug 24 10:24:13 EEST 2025","NewOrderService","test","NewOrderService","testExportOrders"
"","1192","testUpdateAttachment","rieaya Suite","Sun Aug 24 10:23:20 EEST 2025","passed","Sun Aug 24 10:23:21 EEST 2025","GallaryAttachment","test","GallaryAttachment","testUpdateAttachment"
"","353","testGetAllOrderServicesWithDeliveryStatus","rieaya Suite","Sun Aug 24 10:24:36 EEST 2025","passed","Sun Aug 24 10:24:37 EEST 2025","QueryTestOfOrders","test","QueryTestOfOrders","testGetAllOrderServicesWithDeliveryStatus"
"","340","testGetUserPermission","rieaya Suite","Sun Aug 24 10:22:59 EEST 2025","passed","Sun Aug 24 10:23:00 EEST 2025","AssignPermissions","test","AssignPermissions","testGetUserPermission"
"","915","testUpdatePackageRequest","rieaya Suite","Sun Aug 24 10:22:51 EEST 2025","passed","Sun Aug 24 10:22:52 EEST 2025","AddingPackageRequest","test","AddingPackageRequest","testUpdatePackageRequest"
"","337","testGetDiscountById","rieaya Suite","Sun Aug 24 10:23:06 EEST 2025","passed","Sun Aug 24 10:23:06 EEST 2025","DiscountOrAdditions","test","DiscountOrAdditions","testGetDiscountById"
"","490","testGetAllOrderServicesWithOrderType","rieaya Suite","Sun Aug 24 10:24:35 EEST 2025","passed","Sun Aug 24 10:24:35 EEST 2025","QueryTestOfOrders","test","QueryTestOfOrders","testGetAllOrderServicesWithOrderType"
"","340","testGetAllOrderServicesWithOrderStatus","rieaya Suite","Sun Aug 24 10:24:41 EEST 2025","passed","Sun Aug 24 10:24:41 EEST 2025","QueryTestOfOrders","test","QueryTestOfOrders","testGetAllOrderServicesWithOrderStatus"
"","431","testGetDiscountsByOrderBy2","rieaya Suite","Sun Aug 24 10:23:13 EEST 2025","passed","Sun Aug 24 10:23:13 EEST 2025","DiscountOrAdditions","test","DiscountOrAdditions","testGetDiscountsByOrderBy2"
"","281","testUpdatePrivilegeTest","rieaya Suite","Sun Aug 24 10:24:22 EEST 2025","passed","Sun Aug 24 10:24:22 EEST 2025","Priviledge","test","Priviledge","testUpdatePrivilegeTest"
"","452","testGetAllDiscounts","rieaya Suite","Sun Aug 24 10:23:04 EEST 2025","passed","Sun Aug 24 10:23:05 EEST 2025","DiscountAddingRequests","test","DiscountAddingRequests","testGetAllDiscounts"
"","367","testGetTaxRates","rieaya Suite","Sun Aug 24 10:24:11 EEST 2025","passed","Sun Aug 24 10:24:11 EEST 2025","NewOrderService","test","NewOrderService","testGetTaxRates"
"","272","testGetSpecificPermission","rieaya Suite","Sun Aug 24 10:24:20 EEST 2025","failed","Sun Aug 24 10:24:20 EEST 2025","Permisions","test","Permisions","testGetSpecificPermission"
"","295","testGetAllOrderServicesWithRankId","rieaya Suite","Sun Aug 24 09:26:38 EEST 2025","passed","Sun Aug 24 09:26:38 EEST 2025","QueryTestOfOrders","test","QueryTestOfOrders","testGetAllOrderServicesWithRankId"
"","443","testCreatePackage","rieaya Suite","Sun Aug 24 10:24:16 EEST 2025","passed","Sun Aug 24 10:24:16 EEST 2025","NewPackageTest","test","NewPackageTest","testCreatePackage"
"","311","testDeleteSpecificCollectionAddingRequest","rieaya Suite","Sun Aug 24 10:22:54 EEST 2025","passed","Sun Aug 24 10:22:55 EEST 2025","AddingTests","test","AddingTests","testDeleteSpecificCollectionAddingRequest"
"","674","testAddRequest","rieaya Suite","Sun Aug 24 10:23:03 EEST 2025","passed","Sun Aug 24 10:23:03 EEST 2025","DiscountAddingRequests","test","DiscountAddingRequests","testAddRequest"
"","294","testUpdateRoleTest","rieaya Suite","Sun Aug 24 10:24:24 EEST 2025","failed","Sun Aug 24 10:24:24 EEST 2025","Roles","test","Roles","testUpdateRoleTest"
"","331","testGetSpecificCollectionPoint","rieaya Suite","Sun Aug 24 10:23:15 EEST 2025","passed","Sun Aug 24 10:23:16 EEST 2025","CollectionsPointTest","test","CollectionsPointTest","testGetSpecificCollectionPoint"
"","440","testGetAllEmployees","rieaya Suite","Sun Aug 24 10:23:18 EEST 2025","passed","Sun Aug 24 10:23:18 EEST 2025","EmployeeTests","test","EmployeeTests","testGetAllEmployees"
"","397","testGetDiscountsByRanksId","rieaya Suite","Sun Aug 24 10:23:08 EEST 2025","passed","Sun Aug 24 10:23:08 EEST 2025","DiscountOrAdditions","test","DiscountOrAdditions","testGetDiscountsByRanksId"
"","303","testgetLaundryDashboard","rieaya Suite","Sun Aug 24 10:23:32 EEST 2025","passed","Sun Aug 24 10:23:33 EEST 2025","LuadryManagerDashboard","test","LuadryManagerDashboard","testgetLaundryDashboard"
"","886","testUpdateRule","rieaya Suite","Sun Aug 24 10:24:05 EEST 2025","passed","Sun Aug 24 10:24:06 EEST 2025","OrderRules","test","OrderRules","testUpdateRule"
"","345","testGetSpecificEmployee","rieaya Suite","Sun Aug 24 10:23:18 EEST 2025","passed","Sun Aug 24 10:23:19 EEST 2025","EmployeeTests","test","EmployeeTests","testGetSpecificEmployee"
"","326","testGetDiscountsByOrderBy2","rieaya Suite","Sun Aug 24 10:23:14 EEST 2025","passed","Sun Aug 24 10:23:14 EEST 2025","DiscountOrAdditions","test","DiscountOrAdditions","testGetDiscountsByOrderBy2"
"","427","testGetSpecificPackage","rieaya Suite","Sun Aug 24 10:24:17 EEST 2025","passed","Sun Aug 24 10:24:17 EEST 2025","NewPackageTest","test","NewPackageTest","testGetSpecificPackage"
"","319","testAddingBranch","rieaya Suite","Sun Aug 24 10:22:55 EEST 2025","passed","Sun Aug 24 10:22:55 EEST 2025","AddingTests","test","AddingTests","testAddingBranch"
"","444","testGetAllPackagesForBeneficiary","rieaya Suite","Sun Aug 24 10:24:17 EEST 2025","passed","Sun Aug 24 10:24:17 EEST 2025","NewPackageTest","test","NewPackageTest","testGetAllPackagesForBeneficiary"
"","29884","Send a new message","rieaya Suite","Sun Aug 24 10:23:33 EEST 2025","passed","Sun Aug 24 10:24:03 EEST 2025","MessageTests","test","MessageTests","testSendMessageRequest"
"","301","testGetDiscountsByOrderBy","rieaya Suite","Sun Aug 24 10:23:11 EEST 2025","passed","Sun Aug 24 10:23:11 EEST 2025","DiscountOrAdditions","test","DiscountOrAdditions","testGetDiscountsByOrderBy"
"","304","adding permission","rieaya Suite","Sun Aug 24 10:24:19 EEST 2025","passed","Sun Aug 24 10:24:19 EEST 2025","Permisions","test","Permisions","testCreatePermission"
"","345","testCreateCategory","rieaya Suite","Sun Aug 24 10:24:24 EEST 2025","passed","Sun Aug 24 10:24:25 EEST 2025","ServiceCategoryTests","test","ServiceCategoryTests","testCreateCategory"
"","341","testGetDiscountsByOrderBy2","rieaya Suite","Sun Aug 24 10:23:11 EEST 2025","passed","Sun Aug 24 10:23:12 EEST 2025","DiscountOrAdditions","test","DiscountOrAdditions","testGetDiscountsByOrderBy2"
"","338","Get Specific State","rieaya Suite","Sun Aug 24 10:24:26 EEST 2025","passed","Sun Aug 24 10:24:26 EEST 2025","StatesTests","test","StatesTests","testGetSpecificState"
"","394","testDeletePackage","rieaya Suite","Sun Aug 24 10:24:19 EEST 2025","passed","Sun Aug 24 10:24:19 EEST 2025","NewPackageTest","test","NewPackageTest","testDeletePackage"
"","286","testDeleteWorkingHoursCase","rieaya Suite","Sun Aug 24 10:24:32 EEST 2025","passed","Sun Aug 24 10:24:33 EEST 2025","WorkingHours","test","WorkingHours","testDeleteWorkingHoursCase"
"","562","testGetAllOrderServicesWithOrderStatus","rieaya Suite","Sun Aug 24 10:24:39 EEST 2025","passed","Sun Aug 24 10:24:39 EEST 2025","QueryTestOfOrders","test","QueryTestOfOrders","testGetAllOrderServicesWithOrderStatus"
"","434","testGetDiscountsByOrderBy","rieaya Suite","Sun Aug 24 10:23:10 EEST 2025","passed","Sun Aug 24 10:23:10 EEST 2025","DiscountOrAdditions","test","DiscountOrAdditions","testGetDiscountsByOrderBy"
"","289","testGetInvoiceByOrderId","rieaya Suite","Sun Aug 24 10:23:24 EEST 2025","passed","Sun Aug 24 10:23:24 EEST 2025","Invoices","test","Invoices","testGetInvoiceByOrderId"
"","316","testGetAllOrderServicesWithRankId","rieaya Suite","Sun Aug 24 10:24:33 EEST 2025","passed","Sun Aug 24 10:24:34 EEST 2025","QueryTestOfOrders","test","QueryTestOfOrders","testGetAllOrderServicesWithRankId"
"","359","testAddOrderNote","rieaya Suite","Sun Aug 24 10:24:14 EEST 2025","passed","Sun Aug 24 10:24:14 EEST 2025","NewOrderService","test","NewOrderService","testAddOrderNote"
"","529","testGetAllOrderServicesWithAssignmentStatus","rieaya Suite","Sun Aug 24 10:24:43 EEST 2025","passed","Sun Aug 24 10:24:44 EEST 2025","QueryTestOfOrders","test","QueryTestOfOrders","testGetAllOrderServicesWithAssignmentStatus"
"","286","testGetAllOrderServicesWithAssignmentStatus","rieaya Suite","Sun Aug 24 10:24:43 EEST 2025","passed","Sun Aug 24 10:24:43 EEST 2025","QueryTestOfOrders","test","QueryTestOfOrders","testGetAllOrderServicesWithAssignmentStatus"
"","626","Get all package subscriptions with optional filters","rieaya Suite","Sun Aug 24 10:24:44 EEST 2025","passed","Sun Aug 24 10:24:44 EEST 2025","PackageSubscriptionsTest","test","PackageSubscriptionsTest","testGetAllPackageSubscriptions"
"","541","testGetDiscountsBySearch","rieaya Suite","Sun Aug 24 10:23:07 EEST 2025","passed","Sun Aug 24 10:23:08 EEST 2025","DiscountOrAdditions","test","DiscountOrAdditions","testGetDiscountsBySearch"
"","367","adding privilege","rieaya Suite","Sun Aug 24 10:24:20 EEST 2025","passed","Sun Aug 24 10:24:21 EEST 2025","Priviledge","test","Priviledge","testCreatePrivilege"
"","339","testGetAllCategories","rieaya Suite","Sun Aug 24 10:24:25 EEST 2025","passed","Sun Aug 24 10:24:25 EEST 2025","ServiceCategoryTests","test","ServiceCategoryTests","testGetAllCategories"
"","360","testDeleteSpecificCategory","rieaya Suite","Sun Aug 24 10:24:25 EEST 2025","passed","Sun Aug 24 10:24:26 EEST 2025","ServiceCategoryTests","test","ServiceCategoryTests","testDeleteSpecificCategory"
"","486","testUpdateWorkingHoursCase","rieaya Suite","Sun Aug 24 10:24:32 EEST 2025","passed","Sun Aug 24 10:24:32 EEST 2025","WorkingHours","test","WorkingHours","testUpdateWorkingHoursCase"
"","335","testAssignPermissionToUser","rieaya Suite","Sun Aug 24 10:22:57 EEST 2025","passed","Sun Aug 24 10:22:58 EEST 2025","AssignPermissions","test","AssignPermissions","testAssignPermissionToUser"
"","1212","testPrintInvoiceByOrderId","rieaya Suite","Sun Aug 24 10:23:24 EEST 2025","passed","Sun Aug 24 10:23:26 EEST 2025","Invoices","test","Invoices","testPrintInvoiceByOrderId"
"","440","testGetAllWorkingHoursCase","rieaya Suite","Sun Aug 24 10:24:31 EEST 2025","passed","Sun Aug 24 10:24:32 EEST 2025","WorkingHours","test","WorkingHours","testGetAllWorkingHoursCase"
"","286","testGetDiscountsByOrderBy2","rieaya Suite","Sun Aug 24 10:23:11 EEST 2025","passed","Sun Aug 24 10:23:11 EEST 2025","DiscountOrAdditions","test","DiscountOrAdditions","testGetDiscountsByOrderBy2"
"","701","testToggleRuleButton","rieaya Suite","Sun Aug 24 10:24:06 EEST 2025","passed","Sun Aug 24 10:24:06 EEST 2025","OrderRules","test","OrderRules","testToggleRuleButton"
"","426","testGetDiscountsByOrderBy","rieaya Suite","Sun Aug 24 10:23:08 EEST 2025","passed","Sun Aug 24 10:23:08 EEST 2025","DiscountOrAdditions","test","DiscountOrAdditions","testGetDiscountsByOrderBy"
"","392","testGetAllPermissions","rieaya Suite","Sun Aug 24 10:24:19 EEST 2025","passed","Sun Aug 24 10:24:20 EEST 2025","Permisions","test","Permisions","testGetAllPermissions"
"","297","testAssignUserToModule","rieaya Suite","Sun Aug 24 10:22:59 EEST 2025","failed","Sun Aug 24 10:22:59 EEST 2025","AssignPermissions","test","AssignPermissions","testAssignUserToModule"
"","1063","testCreateEmployee","rieaya Suite","Sun Aug 24 10:23:16 EEST 2025","passed","Sun Aug 24 10:23:17 EEST 2025","EmployeeTests","test","EmployeeTests","testCreateEmployee"
"","334","testGetAllCity","rieaya Suite","Sun Aug 24 10:23:27 EEST 2025","passed","Sun Aug 24 10:23:27 EEST 2025","LaundryCities","test","LaundryCities","testGetAllCity"
"","765","testGetAllOrderServicesWithOrderStatus","rieaya Suite","Sun Aug 24 10:24:40 EEST 2025","passed","Sun Aug 24 10:24:41 EEST 2025","QueryTestOfOrders","test","QueryTestOfOrders","testGetAllOrderServicesWithOrderStatus"
"","350","testGetBranchById","rieaya Suite","Sun Aug 24 10:23:01 EEST 2025","passed","Sun Aug 24 10:23:01 EEST 2025","NewBranch","test","NewBranch","testGetBranchById"
"","301","testCreateTaxRate","rieaya Suite","Sun Aug 24 10:24:11 EEST 2025","passed","Sun Aug 24 10:24:11 EEST 2025","NewOrderService","test","NewOrderService","testCreateTaxRate"
"","580","testGetAllInvoices","rieaya Suite","Sun Aug 24 10:23:23 EEST 2025","passed","Sun Aug 24 10:23:23 EEST 2025","Invoices","test","Invoices","testGetAllInvoices"
"","423","testToggleActivation","rieaya Suite","Sun Aug 24 10:23:28 EEST 2025","passed","Sun Aug 24 10:23:28 EEST 2025","LaundryCities","test","LaundryCities","testToggleActivation"
"","555","testGetSpecificCollection","rieaya Suite","Sun Aug 24 10:22:53 EEST 2025","passed","Sun Aug 24 10:22:54 EEST 2025","AddingTests","test","AddingTests","testGetSpecificCollection"
"","464","testGetDiscountsByOrderBy","rieaya Suite","Sun Aug 24 10:23:09 EEST 2025","passed","Sun Aug 24 10:23:09 EEST 2025","DiscountOrAdditions","test","DiscountOrAdditions","testGetDiscountsByOrderBy"
"","339","Get All Areas","rieaya Suite","Sun Aug 24 10:22:57 EEST 2025","passed","Sun Aug 24 10:22:57 EEST 2025","AreaTests","test","AreaTests","testGetAllAreas"
"","810","testGetSpecificPrivilege","rieaya Suite","Sun Aug 24 10:24:21 EEST 2025","failed","Sun Aug 24 10:24:22 EEST 2025","Priviledge","test","Priviledge","testGetSpecificPrivilege"
"","382","testGetAllBranches","rieaya Suite","Sun Aug 24 10:23:01 EEST 2025","passed","Sun Aug 24 10:23:01 EEST 2025","NewBranch","test","NewBranch","testGetAllBranches"
"","358","Subscribe to a package","rieaya Suite","Sun Aug 24 10:24:44 EEST 2025","passed","Sun Aug 24 10:24:45 EEST 2025","PackageSubscriptionsTest","test","PackageSubscriptionsTest","testSubscribeToPackage"
"","583","Get all sent messages by user","rieaya Suite","Sun Aug 24 10:24:03 EEST 2025","passed","Sun Aug 24 10:24:03 EEST 2025","MessageTests","test","MessageTests","testGetAllSentMessages"
"","867","testUpdateRequest","rieaya Suite","Sun Aug 24 10:23:03 EEST 2025","passed","Sun Aug 24 10:23:04 EEST 2025","DiscountAddingRequests","test","DiscountAddingRequests","testUpdateRequest"
"","313","testUpdateOrderStatus","rieaya Suite","Sun Aug 24 10:24:10 EEST 2025","passed","Sun Aug 24 10:24:10 EEST 2025","NewOrderService","test","NewOrderService","testUpdateOrderStatus"
"","345","testDeletePermission","rieaya Suite","Sun Aug 24 10:24:20 EEST 2025","passed","Sun Aug 24 10:24:20 EEST 2025","Permisions","test","Permisions","testDeletePermission"
"","303","testUpdateInvoicePaymentStatus","rieaya Suite","Sun Aug 24 10:23:24 EEST 2025","passed","Sun Aug 24 10:23:24 EEST 2025","Invoices","test","Invoices","testUpdateInvoicePaymentStatus"
"","260","testGetSpecificRole","rieaya Suite","Sun Aug 24 10:24:24 EEST 2025","passed","Sun Aug 24 10:24:24 EEST 2025","Roles","test","Roles","testGetSpecificRole"
"","719","testCreateWorkingHoursCase","rieaya Suite","Sun Aug 24 10:24:30 EEST 2025","passed","Sun Aug 24 10:24:31 EEST 2025","WorkingHours","test","WorkingHours","testCreateWorkingHoursCase"
"","640","testDeleteSpecificBranchAddingRequest","rieaya Suite","Sun Aug 24 10:22:56 EEST 2025","passed","Sun Aug 24 10:22:56 EEST 2025","AddingTests","test","AddingTests","testDeleteSpecificBranchAddingRequest"
"","295","testGetAllOrderServicesWithRankId","rieaya Suite","Sun Aug 24 09:26:38 EEST 2025","passed","Sun Aug 24 09:26:39 EEST 2025","QueryTestOfOrders","test","QueryTestOfOrders","testGetAllOrderServicesWithRankId"
"","258","testRemoveSubPermissionFromModule","rieaya Suite","Sun Aug 24 10:23:00 EEST 2025","failed","Sun Aug 24 10:23:00 EEST 2025","AssignPermissions","test","AssignPermissions","testRemoveSubPermissionFromModule"
"","316","testGetPermissionByModule","rieaya Suite","Sun Aug 24 10:22:59 EEST 2025","passed","Sun Aug 24 10:22:59 EEST 2025","AssignPermissions","test","AssignPermissions","testGetPermissionByModule"
"","389","testGetDiscountsByDateRange","rieaya Suite","Sun Aug 24 10:23:07 EEST 2025","passed","Sun Aug 24 10:23:07 EEST 2025","DiscountOrAdditions","test","DiscountOrAdditions","testGetDiscountsByDateRange"
"","328","testDeleteTaxRate","rieaya Suite","Sun Aug 24 10:24:12 EEST 2025","passed","Sun Aug 24 10:24:12 EEST 2025","NewOrderService","test","NewOrderService","testDeleteTaxRate"
"","351","testGetAllOrderServicesWithAssignmentStatus","rieaya Suite","Sun Aug 24 10:24:42 EEST 2025","passed","Sun Aug 24 10:24:42 EEST 2025","QueryTestOfOrders","test","QueryTestOfOrders","testGetAllOrderServicesWithAssignmentStatus"
"","295","testGetOrderNotes","rieaya Suite","Sun Aug 24 10:24:14 EEST 2025","passed","Sun Aug 24 10:24:15 EEST 2025","NewOrderService","test","NewOrderService","testGetOrderNotes"
"","3196","testGetCurrentUser","Default Suite","Sun Aug 24 09:44:22 EEST 2025","passed","Sun Aug 24 09:44:25 EEST 2025","LaundryUser","reiayaa2","LaundryUser","testGetCurrentUser"
"","335","testAssignPermissionToAdminStaff","rieaya Suite","Sun Aug 24 10:22:57 EEST 2025","failed","Sun Aug 24 10:22:57 EEST 2025","AssignPermissions","test","AssignPermissions","testAssignPermissionToAdminStaff"
"","308","testDeleteCity","rieaya Suite","Sun Aug 24 10:23:28 EEST 2025","passed","Sun Aug 24 10:23:29 EEST 2025","LaundryCities","test","LaundryCities","testDeleteCity"
"","477","testGetDiscountsByOrderBy","rieaya Suite","Sun Aug 24 10:23:10 EEST 2025","passed","Sun Aug 24 10:23:11 EEST 2025","DiscountOrAdditions","test","DiscountOrAdditions","testGetDiscountsByOrderBy"
"","312","testRefuseBranchRequest","rieaya Suite","Sun Aug 24 10:22:56 EEST 2025","passed","Sun Aug 24 10:22:56 EEST 2025","AddingTests","test","AddingTests","testRefuseBranchRequest"
"","379","testGetAllRoles","rieaya Suite","Sun Aug 24 10:24:23 EEST 2025","passed","Sun Aug 24 10:24:24 EEST 2025","Roles","test","Roles","testGetAllRoles"
"","276","testGetSpecificCategory","rieaya Suite","Sun Aug 24 10:24:25 EEST 2025","passed","Sun Aug 24 10:24:25 EEST 2025","ServiceCategoryTests","test","ServiceCategoryTests","testGetSpecificCategory"
"","844","testGetAllOrderServicesWithOrderType","rieaya Suite","Sun Aug 24 10:24:34 EEST 2025","passed","Sun Aug 24 10:24:35 EEST 2025","QueryTestOfOrders","test","QueryTestOfOrders","testGetAllOrderServicesWithOrderType"
"","399","testDeleteCollectionPoint","rieaya Suite","Sun Aug 24 10:23:16 EEST 2025","passed","Sun Aug 24 10:23:16 EEST 2025","CollectionsPointTest","test","CollectionsPointTest","testDeleteCollectionPoint"
"","333","testGetPackageRequestById","rieaya Suite","Sun Aug 24 10:22:52 EEST 2025","passed","Sun Aug 24 10:22:52 EEST 2025","AddingPackageRequest","test","AddingPackageRequest","testGetPackageRequestById"
"","359","testGetAllEditingRequests1","rieaya Suite","Sun Aug 24 10:22:53 EEST 2025","passed","Sun Aug 24 10:22:53 EEST 2025","AddingTests","test","AddingTests","testGetAllEditingRequests1"
"","666","testCreateBranch","rieaya Suite","Sun Aug 24 10:23:00 EEST 2025","passed","Sun Aug 24 10:23:01 EEST 2025","NewBranch","test","NewBranch","testCreateBranch"
"","474","testApproveOrrejectRequest","rieaya Suite","Sun Aug 24 10:22:51 EEST 2025","passed","Sun Aug 24 10:22:51 EEST 2025","AddingPackageRequest","test","AddingPackageRequest","testApproveOrrejectRequest"
"","1116","testCreateAttachment","rieaya Suite","Sun Aug 24 10:23:19 EEST 2025","passed","Sun Aug 24 10:23:20 EEST 2025","GallaryAttachment","test","GallaryAttachment","testCreateAttachment"
"","401","testGetSpecificOrderService","rieaya Suite","Sun Aug 24 10:24:09 EEST 2025","failed","Sun Aug 24 10:24:10 EEST 2025","NewOrderService","test","NewOrderService","testGetSpecificOrderService"
"","357","testGetAllOrderServicesWithAssignmentStatus","rieaya Suite","Sun Aug 24 10:24:42 EEST 2025","passed","Sun Aug 24 10:24:43 EEST 2025","QueryTestOfOrders","test","QueryTestOfOrders","testGetAllOrderServicesWithAssignmentStatus"
"","378","testGetSpecificBranch","rieaya Suite","Sun Aug 24 10:22:55 EEST 2025","passed","Sun Aug 24 10:22:56 EEST 2025","AddingTests","test","AddingTests","testGetSpecificBranch"
"","643","testPrintMultipleInvoices","rieaya Suite","Sun Aug 24 10:23:26 EEST 2025","passed","Sun Aug 24 10:23:26 EEST 2025","Invoices","test","Invoices","testPrintMultipleInvoices"
"","288","testUpdateCity","rieaya Suite","Sun Aug 24 10:23:28 EEST 2025","passed","Sun Aug 24 10:23:28 EEST 2025","LaundryCities","test","LaundryCities","testUpdateCity"
"","347","testGetAllRules","rieaya Suite","Sun Aug 24 10:24:04 EEST 2025","passed","Sun Aug 24 10:24:04 EEST 2025","OrderRules","test","OrderRules","testGetAllRules"
"","378","testUpdateService","rieaya Suite","Sun Aug 24 10:24:28 EEST 2025","passed","Sun Aug 24 10:24:28 EEST 2025","TestService","test","TestService","testUpdateService"
"","354","testUpdateDiscount","rieaya Suite","Sun Aug 24 10:23:06 EEST 2025","passed","Sun Aug 24 10:23:06 EEST 2025","DiscountOrAdditions","test","DiscountOrAdditions","testUpdateDiscount"
"","4186","testAddingPackageRequests","rieaya Suite","Sun Aug 24 10:22:46 EEST 2025","passed","Sun Aug 24 10:22:50 EEST 2025","AddingPackageRequest","test","AddingPackageRequest","testAddingPackageRequests"
"","536","testUpdateEmployee","rieaya Suite","Sun Aug 24 10:23:17 EEST 2025","passed","Sun Aug 24 10:23:18 EEST 2025","EmployeeTests","test","EmployeeTests","testUpdateEmployee"
"","647","testGetAllOrderServicesWithDeliveryStatus","rieaya Suite","Sun Aug 24 10:24:37 EEST 2025","passed","Sun Aug 24 10:24:38 EEST 2025","QueryTestOfOrders","test","QueryTestOfOrders","testGetAllOrderServicesWithDeliveryStatus"
"","306","testDriverResponse","rieaya Suite","Sun Aug 24 10:24:15 EEST 2025","failed","Sun Aug 24 10:24:15 EEST 2025","NewOrderService","test","NewOrderService","testDriverResponse"
"","299","testUpdateTaxRate","rieaya Suite","Sun Aug 24 10:24:11 EEST 2025","passed","Sun Aug 24 10:24:12 EEST 2025","NewOrderService","test","NewOrderService","testUpdateTaxRate"
"","305","testAssignDriver","rieaya Suite","Sun Aug 24 10:24:15 EEST 2025","failed","Sun Aug 24 10:24:15 EEST 2025","NewOrderService","test","NewOrderService","testAssignDriver"
"","277","adding role","rieaya Suite","Sun Aug 24 10:24:23 EEST 2025","passed","Sun Aug 24 10:24:23 EEST 2025","Roles","test","Roles","testCreateRole"
"","308","testGetOrderTypes","rieaya Suite","Sun Aug 24 10:24:10 EEST 2025","passed","Sun Aug 24 10:24:11 EEST 2025","NewOrderService","test","NewOrderService","testGetOrderTypes"
"","334","testGetAllAttachments","rieaya Suite","Sun Aug 24 10:23:21 EEST 2025","passed","Sun Aug 24 10:23:22 EEST 2025","GallaryAttachment","test","GallaryAttachment","testGetAllAttachments"
"","255","testGetAllCategoriesWithQueryParameters","rieaya Suite","Sun Aug 24 10:24:25 EEST 2025","passed","Sun Aug 24 10:24:25 EEST 2025","ServiceCategoryTests","test","ServiceCategoryTests","testGetAllCategoriesWithQueryParameters"
"","417","testGetAllCollectionPoints","rieaya Suite","Sun Aug 24 10:23:15 EEST 2025","passed","Sun Aug 24 10:23:15 EEST 2025","CollectionsPointTest","test","CollectionsPointTest","testGetAllCollectionPoints"
"","743","testCreateOrderService","rieaya Suite","Sun Aug 24 10:24:07 EEST 2025","failed","Sun Aug 24 10:24:08 EEST 2025","NewOrderService","test","NewOrderService","testCreateOrderService"
"","286","testGetOrderStatistics","rieaya Suite","Sun Aug 24 10:24:12 EEST 2025","passed","Sun Aug 24 10:24:12 EEST 2025","NewOrderService","test","NewOrderService","testGetOrderStatistics"
"","364","testGetDeliveryStatus","rieaya Suite","Sun Aug 24 10:24:13 EEST 2025","passed","Sun Aug 24 10:24:14 EEST 2025","NewOrderService","test","NewOrderService","testGetDeliveryStatus"
"","300","testGetAllPrivileges","rieaya Suite","Sun Aug 24 10:24:21 EEST 2025","passed","Sun Aug 24 10:24:21 EEST 2025","Priviledge","test","Priviledge","testGetAllPrivileges"
"","1220","GetAllLaundry","rieaya Suite","Sun Aug 24 10:23:30 EEST 2025","passed","Sun Aug 24 10:23:31 EEST 2025","LaundryTests","test","LaundryTests","testGetAllLaundry"
"","366","testGetDiscountsByOrderBy2","rieaya Suite","Sun Aug 24 10:23:14 EEST 2025","passed","Sun Aug 24 10:23:14 EEST 2025","DiscountOrAdditions","test","DiscountOrAdditions","testGetDiscountsByOrderBy2"
"","345","testRefuseCollectionRequest","rieaya Suite","Sun Aug 24 10:22:54 EEST 2025","passed","Sun Aug 24 10:22:54 EEST 2025","AddingTests","test","AddingTests","testRefuseCollectionRequest"
